ID,Prof,Rating_Weight_1,Rating_Weight_2,Rating_Weight_3,Rating_Weight_4,Rating_Weight_5,Rating_Weight_6,Rating_Weight_7,Rating_Weight_8,Rating_Weight_9,Rating_Weight_10,Rating_Weight_11,Ranking_Weight_1,Ranking_Weight_2,Ranking_Weight_3,Ranking_Weight_4,Ranking_Weight_5,Ranking_Weight_6,Ranking_Weight_7,Ranking_Weight_8,Ranking_Weight_9,Ranking_Weight_10,Ranking_Weight_11
R_e5L1GqAemwXivmh,Very Experienced: architecture professional,7,7,8,8,5,8,9,8,9,6,6,4,5,9,1,10,7,2,3,6,8,11
R_2YmKJysY20iw8sL,No experience: no architectural or construction training,5,5,7,7,8,9,7,7,7,8,8,9,6,10,4,2,5,1,7,3,8,11
R_A0ekWAjvmqAbQkN,Very Experienced: architecture professional,6,6,8,4,5,4,6,5,6,7,5,10,4,9,2,6,5,3,1,8,7,11
R_3KqNv1LqUyOgAIM,Somewhat experienced: architecture student,7,6,7,8,7,6,5,4,8,4,5,11,5,8,9,10,4,2,7,1,3,6
R_PFX1Rj3tz1DKepr,Somewhat experienced: architecture student,7,5,6,6,8,9,6,9,6,5,9,6,11,4,5,7,1,10,2,9,8,3
R_3HAL1X3ubb6738z,Somewhat experienced: architecture student,4,7,9,6,8,5,4,9,8,9,10,10,4,3,2,7,1,8,11,6,5,9
R_uz9H1UaigqGRyWR,Somewhat experienced: architecture student,5,8,9,8,4,8,6,6,8,5,9,9,2,7,5,1,3,10,4,8,6,11
R_6qUFHs2xubiXu0x,Very Experienced: architecture professional,6,6,5,7,5,7,4,5,8,9,5,1,4,2,5,3,6,11,9,7,8,10
R_2Xbn2zbBHGmH3qd,Somewhat experienced: architecture student,7,5,5,5,8,6,3,4,3,3,4,3,5,10,9,6,4,11,2,1,8,7
R_3I5ZE5akLaV1kzn,Very Experienced: architecture professional,7,8,9,8,8,9,8,9,9,9,9,2,1,9,11,4,7,8,10,3,5,6
R_22Vb9g29wKUcJLA,Very Experienced: architecture professional,10,10,10,10,10,NA,10,10,10,10,10,7,5,3,4,6,11,1,9,10,2,8
R_QcudJ2Rf0emocF3,Somewhat experienced: architecture student,9,2,5,8,3,4,9,4,5,7,3,3,9,11,8,5,4,2,1,10,7,6
R_3qWDDS9c8cpL2ul,Somewhat experienced: architecture student,7,9,3,5,9,8,6,8,8,9,10,8,6,1,10,2,4,3,9,7,5,11
R_3nCLUVybh86zK6E,Somewhat experienced: architecture student,5,6,7,5,7,5,8,8,4,6,6,7,10,6,8,1,9,2,11,4,3,5
R_2bJjmryep4CgrBx,Very Experienced: architecture professional,7,6,5,5,4,4,NA,5,5,6,7,11,9,3,7,8,4,2,10,1,5,6
R_25YfQrbdww1GYSg,Very Experienced: architecture professional,5,5,6,5,7,4,5,6,5,4,6,9,5,11,8,7,6,3,4,2,1,10
R_UKOLcjb3TjU3Neh,Somewhat experienced: architecture student,2,3,6,5,9,6,8,5,6,6,6,7,11,6,8,3,10,4,2,9,1,5
R_2zGw8XNdSxurfmC,No experience: no architectural or construction training,5,7,5,6,8,6,8,9,7,2,3,6,9,3,7,11,10,5,4,8,1,2
R_u3YipntX2TLsXe1,Somewhat experienced: architecture student,5,7,7,6,7,6,5,6,7,5,7,8,7,2,3,6,4,9,1,11,5,10
R_ZCASlWrEYRx1Dz3,Somewhat experienced: architecture student,6,5,6,8,6,6,5,7,8,9,6,11,5,9,7,2,8,10,1,4,3,6
R_WBfH2oBIqwbTNlL,Somewhat experienced: architecture student,4,5,7,8,7,7,5,8,8,3,6,3,8,4,10,2,5,9,7,11,6,1
R_tECcID8zGDN39SN,Somewhat experienced: architecture student,9,10,6,8,7,7,5,6,6,6,7,10,11,4,7,3,5,6,2,1,8,9
R_1OZXM47MaEfGGUB,Somewhat experienced: architecture student,6,8,8,6,8,4,6,8,7,7,7,5,1,4,8,6,7,9,10,2,3,11
R_rfMXLtSz66CDis9,Somewhat experienced: architecture student,9,10,8,8,8,6,7,4,6,6,6,1,10,5,11,3,7,6,8,4,9,2
R_6sSw1j82J61nCgN,Somewhat experienced: architecture student,9,9,8,8,7,6,5,7,7,7,6,11,8,10,2,1,7,6,3,9,5,4
R_2e53jNnKeKZPypW,Very Experienced: architecture professional,3,3,3,3,4,4,3,4,4,4,4,6,11,2,3,10,4,1,9,5,8,7
R_XtW6kiUoAVfZMo9,Very Experienced: architecture professional,10,9,8,8,8,7,6,6,6,6,8,2,1,4,5,7,11,9,8,3,6,10
R_RIhBWELb5JbPwAh,Very Experienced: architecture professional,5,5,5,5,6,5,5,5,5,5,5,8,10,1,4,9,2,3,6,5,11,7
R_22xl7MeeprNN4p8,Very Experienced: architecture professional,7,8,8,6,9,7,7,7,6,8,9,4,7,3,6,11,10,8,9,5,2,1
R_77n75e9CSoD6lH3,Very Experienced: architecture professional,7,8,8,6,9,7,7,7,6,8,9,5,10,3,9,2,6,4,7,8,11,1
R_3hhhCChTGfbs8DB,Very Experienced: architecture professional,10,6,7,5,7,3,8,6,7,8,6,1,6,7,5,9,11,10,8,2,4,3
R_RV26BNQP1KXSxwZ,Very Experienced: architecture professional,7,8,8,7,8,7,7,7,6,8,10,4,11,2,9,3,8,6,7,5,10,1
R_3rTxhMqfNcHlCvb,Somewhat experienced: architecture student,7,8,8,7,10,7,7,8,6,8,9,5,7,6,10,2,9,8,4,11,3,1
R_3PH4QfJqbZ1z5XE,Very Experienced: architecture professional,8,8,8,7,8,7,7,7,6,8,10,11,7,3,6,2,5,4,10,8,9,1
R_3HNadztQmxAv22V,Somewhat experienced: architecture student,8,7,8,8,7,8,8,7,8,8,5,10,3,5,11,8,1,2,6,4,7,9
R_1JQ1t0A23L8oZg1,Somewhat experienced: architecture student,8,6,8,7,5,4,9,9,10,6,7,5,11,8,10,9,6,2,7,3,4,1
R_yJDDEqQ0XPnEfjr,Somewhat experienced: architecture student,7,6,7,5,7,5,9,9,9,10,9,10,1,5,6,11,9,7,3,8,2,4
R_30jUUwqDV8jjjbD,Somewhat experienced: architecture student,8,7,6,6,8,6,9,8,9,9,8,6,5,7,1,2,8,4,11,3,9,10
R_3oYKmErMk4ObmLg,Somewhat experienced: architecture student,3,2,3,4,5,6,7,6,2,4,8,11,3,2,10,9,1,5,8,7,6,4
R_1o8ePruhBdKMYuZ,Very Experienced: architecture professional,7,9,10,10,7,6,9,6,9,5,7,9,1,11,4,2,8,10,6,7,5,3
R_3ipN1SFLsSJLXTf,Somewhat experienced: architecture student,8,8,6,6,5,5,5,6,7,4,6,1,5,8,11,10,7,4,9,6,3,2
R_12MyUnZsar3T8TF,Somewhat experienced: architecture student,7,8,6,9,9,5,6,8,9,10,9,4,9,11,3,10,2,1,8,5,6,7
R_9R0SQ1LflONj9L3,Very Experienced: architecture professional,6,5,4,5,6,7,4,5,6,6,6,1,3,2,7,6,11,9,10,4,5,8
R_3j1BFMzH1dHnik3,Somewhat experienced: architecture student,3,4,2,4,5,8,9,1,3,4,9,10,5,2,11,6,1,9,8,7,3,4
R_2aIAnuvHmZiq7VS,No experience: no architectural or construction training,6,5,6,7,6,5,8,8,10,8,9,1,5,9,7,11,8,10,4,2,6,3
R_3HHcbgbpPAqJwyJ,Very Experienced: architecture professional,8,8,9,5,9,6,9,9,6,10,10,1,3,2,10,4,9,7,8,11,5,6
R_26nxcsNVA1mmGw9,Somewhat experienced: architecture student,7,7,6,7,6,5,6,8,8,3,4,1,2,3,5,11,4,8,10,7,6,9
R_27ruo6FwZbnodvm,Somewhat experienced: architecture student,5,7,5,7,5,6,5,6,9,3,5,6,3,5,2,9,10,4,8,7,1,11
R_eJctWopy6LLMMzT,Somewhat experienced: architecture student,5,5,5,4,6,4,3,8,9,8,8,11,2,7,4,5,9,6,8,1,10,3
R_2z87CQPVD5OZziV,Somewhat experienced: architecture student,7,3,5,5,3,3,3,7,5,5,8,2,10,11,7,6,4,9,5,1,8,3
R_6sX1lF62KhWNVBL,Somewhat experienced: architecture student,5,6,4,3,3,8,3,6,6,7,3,7,5,6,8,11,3,9,1,2,10,4
R_1PRfyNPXAj8pjfi,Somewhat experienced: architecture student,4,4,3,2,3,7,2,6,5,4,3,10,11,6,2,8,4,1,7,3,9,5
R_2pLC6e8zowgGNet,Somewhat experienced: architecture student,2,2,2,2,3,2,3,7,6,5,NA,3,5,7,9,4,6,11,1,10,8,2
R_3gLt0zRq7aSYq5G,Somewhat experienced: architecture student,2,3,3,1,2,5,2,3,6,2,2,7,8,2,3,6,1,4,10,5,9,11
R_3CDeiCFFwNR4ZqW,Somewhat experienced: architecture student,6,6,3,4,2,1,6,8,8,7,6,5,2,1,6,7,11,9,3,4,8,10
R_2P6FJ1fDAOPQZMh,Somewhat experienced: architecture student,3,2,3,3,4,6,4,2,5,3,5,9,8,10,5,11,2,3,7,6,4,1
R_294Cel4KObgj3Vr,Somewhat experienced: architecture student,7,7,4,2,3,2,7,4,5,9,8,3,4,5,8,11,1,7,6,9,2,10
R_559LcuFH2cWNmiR,Somewhat experienced: architecture student,3,6,5,2,2,NA,3,3,5,3,4,6,11,2,3,7,4,1,5,9,8,10
R_etDLz4q5DXiipb3,Somewhat experienced: architecture student,5,4,7,7,2,4,5,9,9,6,7,4,1,6,5,8,7,9,3,10,2,11
R_2eWnqLT1rIrtSu3,Somewhat experienced: architecture student,6,7,6,4,9,3,6,6,7,2,4,8,2,4,9,10,3,1,11,7,5,6
R_YQenSBVzBsFiWyt,Somewhat experienced: architecture student,4,3,6,3,6,9,7,4,4,2,6,4,9,3,8,11,6,10,2,5,1,7
R_3L5R55L6ipTkhF3,Very Experienced: architecture professional,7,8,5,6,9,7,8,8,7,4,8,2,6,3,7,4,5,8,11,9,10,1
R_2Y4bXMGxePC1Mni,Very Experienced: architecture professional,6,6,8,9,6,4,6,5,4,2,5,5,7,8,4,6,3,1,9,11,2,10
R_3fCsbYkcF5pRiW5,Very Experienced: architecture professional,7,7,6,8,4,8,5,3,7,6,6,4,3,10,1,7,2,11,9,5,6,8
R_1CaxqJW565HfXx4,Very Experienced: architecture professional,2,7,2,6,4,8,9,5,6,3,8,7,4,9,6,2,1,3,10,5,11,8
R_3emCnv9vgiPbjLP,Somewhat experienced: architecture student,8,9,10,7,8,9,8,9,8,9,8,5,1,8,4,10,7,9,6,3,11,2
R_1LcdOrSOFxg82Jj,Very Experienced: architecture professional,10,6,10,3,8,8,10,10,3,10,10,1,6,2,11,5,8,3,4,10,9,7
R_1pAJmMbI2gVskkd,Very Experienced: architecture professional,5,4,6,5,2,1,4,8,10,3,5,3,10,6,1,2,5,4,11,9,8,7
R_299U6PJN1nfdTZ0,Somewhat experienced: architecture student,2,5,3,6,9,1,2,1,4,6,4,7,2,5,10,1,9,8,3,4,6,11
R_2xWUlfhQ1C7EAn6,Somewhat experienced: architecture student,5,3,5,5,6,7,6,8,5,3,5,8,3,10,6,11,1,9,4,7,5,2
R_3MfAbaJ6ztQgUbI,No experience: no architectural or construction training,8,3,4,3,1,2,5,9,7,5,8,3,5,9,4,2,1,7,11,8,6,10
R_qwPovEWTF3a1225,Somewhat experienced: architecture student,3,4,8,4,1,3,8,10,7,6,2,4,6,9,1,3,8,10,11,7,5,2
R_yZVzblas9EEIlZ7,No experience: no architectural or construction training,6,7,7,7,7,6,8,9,6,7,7,4,9,5,1,6,8,2,11,10,3,7
R_bwQxue4CiQvmc0h,Very Experienced: architecture professional,9,9,9,9,8,9,9,10,9,9,9,9,2,8,5,7,11,6,4,10,3,1
R_UgOOz6RYskdQNgJ,Somewhat experienced: architecture student,8,8,8,8,8,8,8,10,8,8,8,7,8,4,10,11,6,3,5,9,2,1
R_8ivaGHklyA5Zytb,Very Experienced: architecture professional,10,10,10,10,10,10,10,10,10,10,10,11,1,9,8,6,5,3,2,4,10,7
R_6y9hzpXaXXswLjb,Somewhat experienced: architecture student,3,8,10,2,4,2,4,3,7,9,4,7,9,5,11,4,8,1,2,10,6,3
R_21AI941IdyEvsMn,Somewhat experienced: architecture student,6,7,7,6,5,3,5,6,3,3,4,1,5,3,7,11,4,2,8,9,6,10
R_Uy9c49gt7xyQAyl,Somewhat experienced: architecture student,5,6,8,7,9,4,5,8,3,5,7,1,2,3,11,7,10,9,6,4,5,8
R_3mb0yRDRwa9bL7j,Somewhat experienced: architecture student,4,6,3,4,5,3,6,3,6,5,7,8,6,9,2,1,10,11,5,3,4,7
R_qLquGV6sw9FZYkN,No experience: no architectural or construction training,5,5,1,5,6,5,4,5,7,5,8,4,6,1,3,7,2,10,5,8,9,11
R_2wMFzQvRGyInwLK,Somewhat experienced: architecture student,4,3,5,6,3,8,5,7,3,10,6,10,6,2,7,3,9,8,4,5,1,11
R_ZmDpWRn7xJAIyZP,Somewhat experienced: architecture student,5,4,7,5,6,7,5,6,8,9,8,5,2,3,4,9,10,8,1,7,11,6
R_3e9AqDtS24kfFn4,Somewhat experienced: architecture student,4,8,8,6,6,4,6,9,9,6,5,1,8,5,11,10,6,3,4,2,7,9
R_2TttCP5rel1JaKx,Somewhat experienced: architecture student,6,6,3,9,5,8,6,9,8,7,8,4,10,1,6,11,9,8,3,7,2,5
R_1daGV7XaJZclHjR,Somewhat experienced: architecture student,8,8,8,6,5,9,5,8,7,6,4,11,9,3,2,4,6,1,5,10,8,7
R_3J2eulX4Agh1P58,Somewhat experienced: architecture student,6,8,10,8,7,7,7,5,7,4,6,9,2,6,11,1,8,3,10,7,4,5
R_24eLLP9bJt9HQ7f,Very Experienced: architecture professional,6,4,6,6,4,8,5,6,5,9,5,3,9,7,6,5,4,1,2,10,8,11
R_3dFlrkgS5yQNA10,No experience: no architectural or construction training,5,7,3,8,3,6,9,3,6,6,3,4,6,11,10,3,1,9,5,7,2,8
R_1QcQT5xtVaGCjq6,Very Experienced: architecture professional,10,10,10,10,10,10,10,8,10,10,10,10,2,11,3,8,5,1,9,4,6,7
R_O3YSEFdOxZA2zpn,Somewhat experienced: architecture student,9,7,6,4,3,2,4,2,4,4,8,4,5,8,10,11,9,1,3,6,7,2
R_33EFNezOpLKbJca,Somewhat experienced: architecture student,9,6,5,5,3,4,2,4,3,6,8,2,6,3,10,1,8,4,5,9,7,11
R_0063VgFglxPfQMV,Somewhat experienced: architecture student,8,6,6,6,4,3,3,3,3,4,7,4,6,10,7,8,11,1,5,9,2,3
R_ZqKOUWqb6ldKni9,Somewhat experienced: architecture student,8,8,4,6,2,2,3,3,2,2,7,7,10,2,9,8,1,6,3,11,5,4
R_vOnuauLVl6t8tah,Somewhat experienced: architecture student,8,6,6,5,2,3,4,2,2,5,8,3,2,5,7,8,10,1,11,9,6,4
R_31ErExHz5KiSPV0,Somewhat experienced: architecture student,8,7,7,6,5,6,7,7,8,7,8,1,7,3,10,2,4,8,5,9,6,11
R_3MfjpdK1WYzRL7w,Somewhat experienced: architecture student,10,9,8,7,8,6,7,6,7,6,6,1,2,11,3,4,8,7,9,6,10,5
R_C8LAmp0SawH1KzD,Somewhat experienced: architecture student,8,7,7,6,5,5,2,2,2,2,3,7,11,4,2,8,10,9,6,5,3,1
R_1C2dbWNeGNLfpr2,Somewhat experienced: architecture student,9,7,6,7,8,5,4,5,6,3,4,8,11,2,9,7,3,1,5,6,10,4
R_116Ybo2QX85HkFk,Somewhat experienced: architecture student,5,4,6,2,9,4,8,1,5,4,4,8,6,2,7,5,3,4,9,10,1,11
R_3fZTzA3nD78IDlG,Very Experienced: architecture professional,7,4,6,3,5,1,9,5,8,4,3,2,6,3,7,9,11,1,5,4,8,10
R_263gun3nsWIFGCz,Somewhat experienced: architecture student,8,9,9,8,8,8,9,6,8,8,10,4,11,5,7,6,9,10,1,3,2,8
R_1LccrtLbgoSBXTs,Somewhat experienced: architecture student,8,8,9,9,6,3,9,10,9,6,4,1,10,2,4,8,9,3,7,5,6,11
R_5hwEVAH7EKVpwPv,Somewhat experienced: architecture student,7,6,7,8,7,4,9,10,NA,7,6,3,11,1,4,7,9,2,5,6,8,10
R_23T82aaiceu9zFL,Somewhat experienced: architecture student,8,7,7,7,5,7,4,9,10,7,NA,1,10,5,4,11,7,2,3,6,8,9
R_1QzsnzqgkYRfOM8,Somewhat experienced: architecture student,8,7,7,7,7,7,7,9,8,7,7,4,2,6,8,11,3,7,1,10,5,9
R_3dK3PHsinAajgiC,Somewhat experienced: architecture student,8,4,9,9,4,4,8,9,9,7,5,1,8,6,5,9,11,3,2,4,7,10
R_10TyNH5BgDcNgmX,Very Experienced: architecture professional,8,5,9,9,8,NA,9,10,9,6,6,6,8,4,5,10,9,1,3,2,7,11
R_3lxF8WSGVUbq0eP,Somewhat experienced: architecture student,7,7,7,8,7,8,8,7,6,7,8,1,8,6,9,5,3,7,11,4,2,10
R_2xyfrljnZpYQg2i,Somewhat experienced: architecture student,4,3,5,6,4,6,7,5,6,7,4,1,8,7,6,9,10,2,4,3,11,5
R_3I6Qa4NffhL0d7c,Somewhat experienced: architecture student,8,4,8,7,8,9,7,8,9,8,3,1,7,2,5,9,11,8,4,3,6,10
R_4Vi6Bny8qFlyxKV,Somewhat experienced: architecture student,7,4,8,8,6,7,9,8,9,7,4,1,11,5,4,8,9,2,3,6,7,10
R_2fD5JcAiPv83Z5I,Somewhat experienced: architecture student,5,6,4,7,4,7,5,6,5,4,NA,6,2,9,10,5,1,8,7,11,3,4
R_3GwXKOday762eV3,Somewhat experienced: architecture student,8,5,8,8,5,4,9,9,8,6,6,4,7,2,6,11,8,3,1,5,10,9
R_rcMCITRlc3qYHVD,Very Experienced: architecture professional,9,6,9,9,6,NA,10,9,10,7,5,3,9,4,7,11,8,2,1,5,6,10
R_2UVJIOOrtXgVJe7,Somewhat experienced: architecture student,8,6,6,9,5,8,5,7,6,6,6,3,10,6,1,2,8,9,4,7,5,11
R_1rB7JqrxAeSMXmy,Very Experienced: architecture professional,5,6,6,5,5,5,5,5,5,5,6,9,2,11,10,8,3,7,4,1,6,5
R_2dsWcBtmoxGPTkA,Very Experienced: architecture professional,5,5,6,6,5,4,7,6,6,4,5,3,6,10,11,9,1,2,7,4,8,5
R_279eQD81fZwRglL,Somewhat experienced: architecture student,6,5,4,5,5,6,5,4,4,5,6,4,6,10,5,9,11,7,8,2,1,3
R_3h5hk3dmuDlu1Wa,Somewhat experienced: architecture student,5,5,6,4,4,6,4,5,7,6,5,9,5,6,11,3,1,10,7,8,2,4
R_28HEH8ox2dX2iR5,Somewhat experienced: architecture student,6,4,4,4,5,5,6,6,5,5,6,9,8,10,11,4,1,6,7,5,3,2
R_UznsTU03rRgUC8p,Somewhat experienced: architecture student,4,5,5,6,6,6,6,6,6,6,4,9,7,10,6,5,1,2,11,8,4,3
R_2v0oqH2bwfrF1s4,Very Experienced: architecture professional,8,9,9,10,9,10,6,8,7,9,9,11,4,7,1,3,5,8,9,2,6,10
R_1fkoaBCUKmO1e4i,Somewhat experienced: architecture student,6,6,6,4,6,6,7,6,6,7,6,8,4,6,7,1,11,3,9,5,2,10
R_1PZCV3cUXJDsmq0,Very Experienced: architecture professional,10,8,9,8,10,10,10,10,5,4,10,3,7,9,8,6,1,2,4,11,10,5
R_xo5yuePsHcwvxId,Very Experienced: architecture professional,6,7,9,10,8,7,9,7,9,5,7,4,7,6,10,1,8,2,5,3,11,9
R_1ln1N1qExrHURea,Somewhat experienced: architecture student,3,6,5,4,7,5,3,6,7,7,7,3,6,4,11,1,10,2,5,9,7,8
R_RCaLmfWIMdJh6rT,Somewhat experienced: architecture student,3,6,5,4,6,7,7,6,7,6,7,5,11,2,6,1,10,8,7,3,9,4
R_2TA9QiCd5gfkaHC,Somewhat experienced: architecture student,4,4,5,5,7,6,6,6,7,7,7,10,11,8,1,2,5,4,6,3,9,7
R_2uO5NyirW6rCRqy,Somewhat experienced: architecture student,6,5,5,6,6,7,7,6,6,6,6,3,4,8,7,2,1,11,6,10,9,5
R_1pxKBUEsqqOPDCE,Somewhat experienced: architecture student,6,5,5,5,5,5,5,5,5,5,5,9,2,6,11,3,5,1,4,7,8,10
R_2TuxizajzVqGRdb,Very Experienced: architecture professional,6,7,7,3,4,5,5,5,8,4,8,11,3,6,9,7,1,8,10,5,2,4
R_2YE5t30pTpftjbC,Very Experienced: architecture professional,6,5,8,5,7,6,6,7,6,7,8,1,10,7,8,4,5,6,11,3,2,9
R_2rVJhrxO4eCoOt1,Very Experienced: architecture professional,8,8,8,6,8,4,6,4,7,4,8,3,10,8,5,11,9,4,1,2,6,7
R_32R2DjBbrtxzJe7,Somewhat experienced: architecture student,7,7,6,4,6,6,7,4,4,3,5,6,4,5,2,10,7,11,3,8,1,9
R_3iQrnkOaPuhHyt6,Somewhat experienced: architecture student,6,5,6,6,7,7,3,8,3,4,4,11,7,10,5,4,9,2,1,8,3,6
R_3nMY8cQhjhfyvvk,Somewhat experienced: architecture student,6,5,7,7,6,8,7,5,6,5,6,6,2,5,11,4,1,8,10,9,3,7
R_1Q9QkwR5W2Lvosy,No experience: no architectural or construction training,6,7,8,7,6,7,5,6,8,6,7,7,2,6,5,4,10,3,8,1,9,11
R_2czUUgjc6vrUds2,Very Experienced: architecture professional,6,6,7,4,8,5,8,8,5,4,8,8,7,6,5,2,3,9,11,4,1,10
R_1kXGlDiUGkSH66a,Very Experienced: architecture professional,7,8,5,8,8,8,8,5,6,9,3,6,9,3,8,4,10,5,11,1,2,7
R_2R7yOaKaBXMSUDc,Somewhat experienced: architecture student,8,8,6,6,6,5,6,8,4,4,6,9,3,11,8,10,2,6,5,7,4,1
R_2qmyJQVzfeQkzqi,Somewhat experienced: architecture student,7,7,8,7,7,8,4,5,7,4,4,9,7,3,4,8,6,10,2,5,11,1
R_D2CPGkchG4pRBHr,Very Experienced: architecture professional,4,3,5,5,8,4,3,5,2,3,5,8,7,6,9,5,11,3,1,4,10,2
R_pF370QsHUduMJvb,Very Experienced: architecture professional,6,7,3,8,8,4,4,4,5,2,6,6,2,8,10,3,9,4,1,7,11,5
R_TnOCfQpHODYAAOl,Somewhat experienced: architecture student,3,4,3,7,6,5,4,4,4,4,4,11,2,1,5,6,8,10,4,9,3,7
R_1Km6mpsw2a0GDrB,Somewhat experienced: architecture student,4,4,5,4,4,4,3,4,6,7,7,10,3,1,6,11,4,8,2,5,9,7
R_3maCdHMfoeoSyrS,Very Experienced: architecture professional,4,3,7,4,6,8,5,5,3,4,4,10,2,3,11,5,6,8,7,4,1,9
R_2b19Pj4wt9SeIjD,Somewhat experienced: architecture student,5,6,6,5,8,8,7,7,7,8,6,10,3,4,8,2,6,5,7,9,1,11
R_2al9fjqTPnX5Lei,Very Experienced: architecture professional,6,5,6,5,7,5,6,4,6,4,6,6,4,8,9,2,3,1,10,11,5,7
R_124pD9XAvY1LoCy,Very Experienced: architecture professional,9,7,9,6,8,6,8,7,8,9,7,11,2,1,6,7,3,4,9,10,5,8
R_2zORigYKNUBSyos,Somewhat experienced: architecture student,7,5,7,7,9,7,8,8,6,6,7,2,3,10,4,7,8,6,1,5,9,11
R_3kaYzzIQCBy7fxg,Somewhat experienced: architecture student,5,6,6,5,6,6,6,6,5,4,4,9,11,8,1,6,7,3,5,4,2,10
R_BzFJcJBikeny8rT,Somewhat experienced: architecture student,6,7,8,8,7,9,8,8,7,7,8,2,8,11,6,5,7,4,10,1,3,9
R_2uDwOjvnHxmSpNx,Somewhat experienced: architecture student,7,7,7,9,7,8,9,7,8,9,6,9,4,8,6,2,3,1,7,11,10,5
R_2mMg1zJGrwayELL,Somewhat experienced: architecture student,5,8,5,7,8,7,8,8,8,7,6,9,3,8,6,7,10,5,4,2,1,11
R_28D8FDwMv3qNf03,Somewhat experienced: architecture student,7,7,8,6,7,8,8,8,9,6,6,3,11,8,1,2,6,10,4,9,7,5
R_81zSFTgmhrhJvHj,Somewhat experienced: architecture student,7,8,7,9,8,9,8,8,8,6,6,10,9,3,5,7,2,8,1,6,4,11
R_129XhvKiW3oFnSW,Somewhat experienced: architecture student,8,9,5,8,8,7,9,6,9,9,7,8,11,10,7,9,3,5,2,6,4,1
R_zZ02dtmi6wzxEC5,Somewhat experienced: architecture student,5,4,7,4,6,3,6,4,7,4,3,11,1,8,9,6,3,10,5,4,7,2
R_6Xo2FLhxuy4sZCV,No experience: no architectural or construction training,7,9,8,9,7,4,7,6,7,8,9,2,4,11,7,8,1,3,6,9,5,10
R_1IYKZXXkDJ5sq7T,Very Experienced: architecture professional,8,8,3,2,4,2,2,4,2,7,3,7,6,11,10,3,5,2,4,8,9,1
R_RklGUBv097XkF5T,Somewhat experienced: architecture student,4,5,6,4,6,3,5,6,3,7,4,8,7,9,1,6,2,11,5,4,10,3
R_26b4TfS2tPjXT2e,Very Experienced: architecture professional,8,7,10,9,10,7,9,8,9,10,8,3,5,1,9,6,10,11,2,7,8,4
R_Ol0drfaRDj3X9K1,Very Experienced: architecture professional,5,6,8,4,4,8,5,6,8,6,6,8,1,6,11,7,2,4,10,3,5,9
R_2ZHsb6WeYlMuRRO,Very Experienced: architecture professional,3,4,6,6,5,6,4,7,4,7,4,7,1,8,10,4,11,9,2,5,3,6
R_STVdJfXjiXXeOo9,No experience: no architectural or construction training,6,3,6,4,6,6,5,6,4,6,7,9,5,2,8,1,4,10,11,6,7,3
R_3LbtnvaHxkJfmjS,Very Experienced: architecture professional,9,8,10,8,9,10,7,8,9,10,9,10,6,5,9,8,4,2,1,11,3,7
R_cGtlFmResYyKqg9,Somewhat experienced: architecture student,8,8,6,5,4,7,6,7,5,7,5,3,10,4,8,1,9,5,2,11,7,6
R_3339JAMARuEm8Pv,Very Experienced: architecture professional,4,4,4,6,7,6,4,3,6,8,6,7,8,1,3,4,6,5,9,11,2,10
R_2uORmIOJ9fE7OBs,Very Experienced: architecture professional,3,8,5,4,4,6,3,4,8,5,3,8,6,1,3,10,9,4,7,5,11,2
R_3n60rdGJ4LT70b4,Very Experienced: architecture professional,6,3,5,7,3,9,3,5,3,9,3,5,3,4,9,6,11,10,1,2,8,7
R_DjxtANif4WQRO3D,Very Experienced: architecture professional,5,5,8,4,6,8,5,7,3,6,6,10,8,6,5,9,11,2,7,3,1,4
R_yILN1FF2nNB1GAV,Very Experienced: architecture professional,6,6,7,4,7,6,5,6,7,5,8,7,9,6,5,4,8,3,1,10,11,2
R_2rvFVXB4CwPl85U,Very Experienced: architecture professional,7,3,9,4,7,4,2,7,8,7,5,11,10,7,3,6,8,1,9,4,2,5
R_3hhXkhbpxmjeY2M,No experience: no architectural or construction training,5,7,3,6,4,6,2,6,5,7,4,7,2,6,8,4,1,10,5,9,3,11
R_22RHz8jW8ARM250,Very Experienced: architecture professional,7,8,9,7,9,9,8,7,9,8,8,5,8,10,7,4,1,11,3,9,6,2
R_7WBoY2n2cOxinbX,Somewhat experienced: architecture student,7,6,6,7,5,6,6,5,6,5,5,7,8,2,3,6,1,10,4,9,5,11
R_3rG4RsbOdTfMg3U,Somewhat experienced: architecture student,7,6,9,8,8,7,6,7,10,9,8,4,3,2,5,10,9,7,11,1,6,8
R_eVFyR3hfohqlxf3,Somewhat experienced: architecture student,5,6,4,8,3,6,6,4,7,4,6,9,3,10,5,8,1,4,7,11,2,6
R_1NeLQxIa2oQNQmW,Very Experienced: architecture professional,8,9,8,3,7,4,3,8,4,3,8,7,3,4,9,11,5,1,2,8,10,6
R_29cBatjTQ7gDnMy,Somewhat experienced: architecture student,8,7,6,7,7,6,7,7,8,8,9,10,5,3,7,2,8,6,9,4,11,1
R_2R8vgt7skVxkzRu,Very Experienced: architecture professional,8,9,10,7,9,6,5,8,10,9,6,3,4,2,9,5,10,6,7,8,11,1
R_xmA8OECsP8Pwbux,Somewhat experienced: architecture student,1,8,6,4,8,4,6,4,4,7,5,11,3,5,1,2,9,8,7,4,10,6
R_1NFkte3AcoAZqZN,Somewhat experienced: architecture student,7,8,6,7,6,7,7,7,6,6,6,10,1,4,5,2,8,11,3,7,9,6
R_zexKe8rhb6qnMul,No experience: no architectural or construction training,6,7,6,6,7,6,7,7,7,7,6,7,4,11,9,3,2,6,1,8,10,5
R_2Vrppginz9Qakh8,No experience: no architectural or construction training,7,6,7,6,6,7,5,7,8,7,7,2,5,1,7,4,10,9,6,3,11,8
R_1DpMROF02CrXGNK,Somewhat experienced: architecture student,7,7,6,7,7,8,8,7,6,7,7,8,10,9,5,6,4,2,1,3,11,7
R_3fj948dSQ0d3V42,No experience: no architectural or construction training,8,6,8,8,7,7,6,6,7,7,7,4,2,5,1,6,10,11,8,9,7,3
R_2RWxJIFfEWhw9VP,No experience: no architectural or construction training,7,7,7,6,7,8,7,7,6,7,7,7,11,6,9,3,8,4,10,1,5,2
R_eqyAhStgS8QGhEt,Somewhat experienced: architecture student,8,6,6,7,9,8,6,3,6,7,5,5,4,7,10,8,11,6,9,2,3,1
R_2OPV7GGnKlKJiKN,Somewhat experienced: architecture student,5,4,6,4,6,3,7,8,4,6,4,9,8,11,7,3,1,2,10,6,4,5
R_20Z4TjDWYzMMKED,No experience: no architectural or construction training,6,6,8,7,6,7,7,6,7,7,7,8,3,7,4,2,9,10,6,1,11,5
R_262t5nZukHcRv0g,No experience: no architectural or construction training,7,9,8,4,5,3,9,7,5,10,9,9,11,10,4,7,3,6,8,1,2,5
R_3fZ7m6TvcctE4wS,Somewhat experienced: architecture student,8,10,7,6,3,4,3,4,3,4,4,9,8,7,3,5,2,6,1,10,4,11
R_D5Bt7cn1ZAeTDuV,No experience: no architectural or construction training,7,6,8,6,7,7,6,6,7,7,6,5,11,1,2,3,9,7,10,6,4,8
R_30jDmwRSAGMlJff,Very Experienced: architecture professional,7,9,10,7,9,8,9,6,8,10,7,3,4,6,7,9,8,11,5,1,2,10
R_1d5GGbdAUnaFvs4,Somewhat experienced: architecture student,8,7,5,8,4,3,4,10,4,4,3,4,3,1,10,5,11,8,6,9,7,2
R_0c8m0ldhrmTh48p,Somewhat experienced: architecture student,5,8,5,5,6,4,7,5,6,5,6,6,2,8,4,3,5,11,10,7,9,1
R_YPJJisQV1Hq5txT,Somewhat experienced: architecture student,5,6,4,6,5,7,3,5,7,5,3,8,9,4,3,2,1,11,10,5,7,6
R_31BGiS7oZReE9mg,Very Experienced: architecture professional,8,7,10,7,10,8,7,10,6,8,7,11,2,10,1,3,9,6,5,8,4,7
R_sB5SYJJTIPmiwcF,Somewhat experienced: architecture student,4,4,6,4,6,3,5,6,5,6,5,8,10,5,9,3,1,11,7,6,4,2
R_1DLMOx2o1q6TOLM,No experience: no architectural or construction training,8,7,8,6,8,6,8,7,8,7,6,8,4,6,5,1,10,11,2,7,3,9
R_2bWxa7B3UWUzfjV,Very Experienced: architecture professional,7,9,8,10,9,7,8,6,9,6,8,4,10,5,6,9,1,2,8,11,7,3
R_2sdb3fTyvTkBBhu,No experience: no architectural or construction training,7,7,7,6,7,7,7,7,6,5,7,11,4,9,5,1,3,8,6,2,10,7
R_26fHCqqxJ4I2CPE,Very Experienced: architecture professional,7,9,8,7,10,8,9,8,9,10,9,10,5,9,6,8,11,2,4,7,1,3
R_3IQurhUdUMhuRft,Somewhat experienced: architecture student,7,7,7,7,7,7,7,5,7,7,7,4,6,2,8,7,9,5,1,3,10,11
R_2Cv8bIXvt1nmJDo,Very Experienced: architecture professional,7,9,7,5,4,7,8,9,6,10,6,6,11,5,2,1,4,10,9,3,7,8
R_1Ebo9jvunitp3qO,No experience: no architectural or construction training,7,6,7,6,6,6,7,6,7,7,6,6,4,1,7,5,9,3,11,10,2,8
R_pzSOMhw9YmLPcWJ,Somewhat experienced: architecture student,8,5,9,4,9,7,8,8,7,4,5,10,11,5,8,2,6,7,1,4,3,9
R_DUcAFm76IyXRYEp,No experience: no architectural or construction training,7,6,9,7,6,7,9,4,7,6,6,8,11,1,5,2,7,10,4,9,3,6
R_1ePDolBFmfRX6T8,No experience: no architectural or construction training,8,8,7,6,6,6,7,6,7,5,7,10,3,9,8,5,11,7,2,6,1,4
R_ykGvGqTcf6DLoOd,Very Experienced: architecture professional,7,9,8,10,9,7,9,7,10,9,8,7,1,8,4,10,3,6,2,11,5,9
R_110y22DUftlFVIs,No experience: no architectural or construction training,7,6,7,6,8,7,6,6,6,7,6,1,2,3,8,11,10,6,4,5,9,7
R_2fJRFRzyxQHjZPK,No experience: no architectural or construction training,6,6,7,6,7,6,7,6,7,6,6,6,8,10,4,5,11,2,7,9,3,1
R_CZF36AufxrqIoqR,Somewhat experienced: architecture student,7,6,7,6,7,5,5,6,6,5,5,9,4,5,7,3,11,10,8,1,6,2
R_1JXuZKl6LG5RD8A,No experience: no architectural or construction training,7,6,8,6,5,6,7,6,5,7,5,7,1,2,3,10,6,4,5,8,9,11
R_3J4vQjgZ1u80DRg,Somewhat experienced: architecture student,7,8,8,5,7,4,6,5,6,5,7,3,4,9,2,5,1,7,8,11,6,10
R_3HM2r7nyb9xC1NA,Somewhat experienced: architecture student,7,6,7,2,7,7,6,5,10,4,7,10,6,7,1,3,9,11,8,2,4,5
R_QaFsBx6eoBfOy0V,Very Experienced: architecture professional,8,6,8,10,9,10,7,9,7,9,10,11,9,10,3,1,2,7,8,6,5,4
R_PA0fJ9HakKgZhol,Somewhat experienced: architecture student,2,4,9,7,8,3,4,8,4,4,8,9,7,2,11,1,5,8,10,3,6,4
R_3CHFd5LZLxt65UW,Somewhat experienced: architecture student,6,10,8,8,9,9,9,4,4,9,4,2,7,9,10,11,6,3,8,4,5,1
R_3sogfA06ogM5DVX,No experience: no architectural or construction training,7,3,3,1,5,7,2,7,3,7,6,2,1,10,9,4,8,11,6,7,3,5
R_3J44FTLNwgX1B2Z,Very Experienced: architecture professional,6,9,8,9,6,8,9,8,6,9,8,9,3,6,8,2,1,10,5,7,11,4
R_20YzozFxxEffc1y,Very Experienced: architecture professional,6,9,8,9,7,9,7,10,9,10,8,11,9,2,7,5,10,6,1,8,4,3
R_SJkcqT1eNQWn17z,Very Experienced: architecture professional,8,9,7,9,8,7,9,8,10,7,9,6,5,4,7,8,2,3,10,9,1,11
R_VRnyJDQSzcaZr4B,Very Experienced: architecture professional,8,9,8,7,10,7,9,7,9,7,9,6,9,5,8,11,4,7,1,3,10,2
R_qEgmOZjF6tzgE7v,Very Experienced: architecture professional,8,9,7,10,9,8,10,7,9,8,7,3,11,7,1,8,2,10,4,5,6,9
R_UGF8r73N4Ju9Ulj,Very Experienced: architecture professional,9,8,7,9,8,9,7,8,9,7,8,5,10,8,4,11,6,2,3,9,1,7
R_2yr57OmKYTA3HFn,Somewhat experienced: architecture student,8,5,6,5,5,6,5,6,6,5,6,5,2,10,4,7,9,8,3,11,1,6
R_28Ybc9o4UCgmCyt,No experience: no architectural or construction training,7,8,4,8,3,5,6,5,6,7,7,3,6,2,4,1,10,9,5,11,8,7
R_8IGP7F9J398FkfT,Very Experienced: architecture professional,8,9,9,8,9,9,10,9,8,10,9,1,7,2,6,11,8,5,3,4,9,10
R_uh1dKpC1O0yGaTT,Somewhat experienced: architecture student,8,6,7,9,7,8,6,5,6,8,5,1,11,8,9,2,3,4,10,7,6,5
R_2dXEZHkV90pqxj0,Somewhat experienced: architecture student,7,7,6,6,5,7,7,7,6,7,7,8,2,7,1,5,9,4,6,3,10,11
R_2dNi7IdQnThLzNE,No experience: no architectural or construction training,7,6,7,7,7,7,7,7,6,7,6,3,5,6,2,9,7,4,8,11,1,10
R_1hSz5FQRumNcVC2,Very Experienced: architecture professional,7,7,7,5,7,6,6,7,7,7,7,10,9,11,2,4,8,3,1,6,7,5
R_2rUwSmJMi2tp9tk,Somewhat experienced: architecture student,7,7,6,7,7,7,7,7,7,7,6,5,6,3,10,9,11,2,8,7,4,1
R_2SHo1J5xxgrUGlw,No experience: no architectural or construction training,5,5,6,6,5,5,5,5,7,6,6,5,8,7,11,4,10,6,3,9,2,1
R_BKbJUtWxApQeZ1v,Very Experienced: architecture professional,7,6,8,7,8,9,8,6,6,8,10,8,3,4,6,5,2,7,9,11,10,1
R_3q84ySN2HKGvYUQ,Somewhat experienced: architecture student,7,6,6,4,6,6,7,5,7,5,7,1,5,6,3,8,10,7,2,4,9,11
R_3htf01gs49zNXPa,Somewhat experienced: architecture student,7,8,7,8,7,8,8,7,6,8,9,5,7,10,9,3,6,2,8,11,4,1
R_1Nq9hVpHbdbD1a6,Somewhat experienced: architecture student,8,10,6,5,3,9,8,8,7,5,7,10,3,5,7,9,1,11,8,4,2,6
R_2Qn3UJpa8zQ9TLI,Very Experienced: architecture professional,7,8,7,7,8,7,6,6,6,7,9,2,3,4,5,6,7,8,9,10,11,1
R_3LjuPTfZQpS6pa5,Very Experienced: architecture professional,8,8,7,8,7,6,6,5,4,7,9,3,7,2,5,6,9,4,10,11,8,1
R_2OHLovj6IKjIu2T,Very Experienced: architecture professional,7,7,7,6,7,6,5,5,5,7,8,4,2,6,7,5,8,9,11,10,3,1
R_29cAgN17ihB3kS1,Somewhat experienced: architecture student,6,7,6,7,6,7,6,6,6,6,7,1,10,3,5,2,9,4,6,7,8,11
R_1H5e7hzTz2duTBe,No experience: no architectural or construction training,3,10,7,7,4,6,4,6,5,6,5,9,5,10,3,2,1,6,4,11,7,8
R_1ps8zEvfGEeGbwH,Somewhat experienced: architecture student,6,6,7,6,6,5,4,3,3,5,8,2,4,3,7,6,8,9,11,10,5,1
R_Qhc3BrgrF9EvEnD,Very Experienced: architecture professional,6,8,6,5,7,6,5,5,5,6,8,4,6,3,8,5,7,9,11,10,2,1
R_22Aj5iYxy43PPct,Very Experienced: architecture professional,6,7,6,6,7,6,5,4,4,6,8,4,2,3,8,6,7,11,10,9,5,1
R_1QGdsr0sRVsMH2D,Somewhat experienced: architecture student,7,8,6,7,5,8,6,7,5,8,5,9,6,8,1,3,11,5,4,7,10,2
R_O6XqTkMQo5ocWcN,Very Experienced: architecture professional,7,8,7,6,8,7,6,5,4,7,9,3,4,2,5,7,8,9,10,11,6,1
R_C7WkCTXKOPlPIRz,Somewhat experienced: architecture student,8,7,6,6,7,6,7,6,7,7,10,2,4,3,7,6,9,11,8,10,5,1
R_2BmT8CDKjA03Ruc,Somewhat experienced: architecture student,7,6,5,7,6,6,7,6,6,7,7,6,9,4,10,5,8,3,1,7,11,2
R_1AOnF9CfLa2gra9,Very Experienced: architecture professional,9,7,5,6,6,7,8,7,8,8,7,2,4,7,11,9,8,5,10,6,3,1
R_1nTIWoSVcHeJTxR,Somewhat experienced: architecture student,7,5,7,6,6,8,8,7,6,7,7,1,9,7,8,2,6,11,4,10,5,3
R_1cYeuj7D19KVOo4,Somewhat experienced: architecture student,7,5,6,5,6,6,6,5,6,6,5,1,2,6,3,11,7,4,8,5,10,9
R_3QXkUhMJ1Z2og0F,Somewhat experienced: architecture student,6,6,5,3,7,2,7,6,7,8,9,7,9,10,1,6,5,2,11,8,3,4
R_rr1F5oMO8woZm2l,Somewhat experienced: architecture student,6,5,8,7,7,8,7,6,6,7,8,11,7,3,4,5,2,9,6,10,8,1
R_3KYNf9AIGiph53S,Somewhat experienced: architecture student,6,4,5,7,5,3,4,7,6,4,7,11,6,8,4,5,2,7,9,10,3,1
R_1jU1NRAEbb53cKu,Somewhat experienced: architecture student,5,6,7,6,6,4,5,6,8,5,7,11,5,10,4,7,1,2,6,8,9,3
R_W1n21XqRzecRSRX,Somewhat experienced: architecture student,6,5,8,6,6,5,6,6,5,5,7,8,6,4,11,9,2,5,10,7,3,1
R_2PcEPzuxGNul9T0,Somewhat experienced: architecture student,6,5,6,6,7,7,7,6,7,7,6,3,7,10,11,1,9,8,5,4,6,2
R_3q9AdzwCzuUytuZ,No experience: no architectural or construction training,8,8,7,8,7,5,9,7,8,6,7,9,5,2,1,3,6,4,7,10,8,11
R_3lWZNlq3zxtxlLp,Somewhat experienced: architecture student,6,5,6,5,7,8,7,6,6,8,6,3,9,7,4,2,8,11,10,5,1,6
R_3NCZXa0Bgq2ysQl,Somewhat experienced: architecture student,7,7,6,6,7,7,7,7,7,6,7,10,7,3,4,2,9,6,8,5,11,1
R_3E9Ikvk7RDGf4w0,Very Experienced: architecture professional,6,5,5,7,7,6,6,7,5,6,5,9,6,7,3,10,1,8,2,5,11,4
R_sOrfBiWmPe49Xvr,Somewhat experienced: architecture student,5,5,4,6,7,7,6,5,3,4,5,6,2,10,5,11,3,4,9,8,7,1
R_2rjXVz8cdbKv3O9,Somewhat experienced: architecture student,7,4,6,5,5,5,5,7,5,4,4,8,2,3,10,5,11,4,6,9,7,1
R_QnsRydDzT2NkGid,Somewhat experienced: architecture student,7,6,5,6,7,5,4,5,6,5,5,5,1,7,8,6,2,11,10,9,4,3
R_1LpwmDXuWlYW1zD,Very Experienced: architecture professional,8,5,7,4,5,5,7,4,4,7,4,4,6,8,11,7,9,10,5,1,2,3
R_1pL0s8SE3Ykb0kq,Very Experienced: architecture professional,10,10,10,10,10,6,8,10,5,6,6,7,8,4,2,3,9,1,5,10,11,6
R_31meQtYhuVKp8TA,Very Experienced: architecture professional,10,5,7,10,10,5,10,10,3,5,10,1,8,3,2,6,10,4,11,7,9,5
R_cCHJOdrtvwPT9rr,Somewhat experienced: architecture student,10,10,10,10,10,8,8,10,9,9,9,1,2,3,4,5,6,7,8,9,10,11
R_9Ah4JVTGBGZ7Cud,Very Experienced: architecture professional,8,8,6,6,6,8,7,3,4,5,7,9,11,5,2,6,3,4,7,1,8,10
R_11jvFoNexpx6Gl2,Very Experienced: architecture professional,9,7,5,5,4,5,9,2,3,6,8,3,2,10,4,11,5,9,7,8,6,1
R_1DpPBYR9bcNhFgS,Very Experienced: architecture professional,10,10,8,9,9,8,10,10,8,7,8,1,2,7,3,5,6,4,9,11,10,8
R_BPU3vlvhJ1vTLgd,Very Experienced: architecture professional,9,7,8,8,6,7,6,9,4,4,4,1,3,2,7,9,8,5,4,6,11,10
R_3Dd43zFYCgQnJeA,Somewhat experienced: architecture student,3,4,3,4,3,3,5,5,4,5,4,5,11,8,10,4,6,3,1,9,2,7
R_a30ErifQyiIhpHX,Somewhat experienced: architecture student,3,4,3,4,3,3,5,5,4,5,4,2,11,3,9,6,7,1,5,4,10,8
R_25F3V0fs2WVi81G,Somewhat experienced: architecture student,3,4,3,4,3,3,5,5,4,5,4,9,3,4,7,6,10,11,5,8,2,1
R_2YY7qHm3ZStUweL,Somewhat experienced: architecture student,3,4,3,4,3,3,5,5,4,5,4,6,7,2,4,8,3,5,1,11,10,9
R_3gToXGGFoxcqN8v,Somewhat experienced: architecture student,3,4,3,4,3,3,5,5,4,5,4,3,4,10,1,11,6,8,9,2,5,7
R_1OVPChjJu0T8KzI,Somewhat experienced: architecture student,3,4,3,4,3,3,5,5,4,5,4,5,2,9,3,11,4,1,10,6,8,7
R_sXdjHd5t3afinbr,Somewhat experienced: architecture student,3,4,3,4,3,3,5,5,4,5,4,9,3,1,10,11,5,7,8,6,2,4
R_1JIM5c0uSNMMNB4,Somewhat experienced: architecture student,3,4,3,4,3,3,5,5,4,5,4,11,6,9,1,5,8,2,10,7,3,4
R_DOvUQin4P6nkkP7,Somewhat experienced: architecture student,3,4,3,4,3,3,5,5,4,5,4,1,5,8,10,9,11,2,7,4,3,6
R_1dgY4DNiUzCbwRc,Somewhat experienced: architecture student,3,4,3,4,3,3,5,5,4,5,4,3,9,5,2,7,4,10,11,1,6,8
R_22qYDVVP7D2himY,Somewhat experienced: architecture student,3,4,3,4,3,3,5,5,4,5,4,4,6,2,10,1,3,5,11,8,9,7
R_2YsH9M4LWQ2447q,Somewhat experienced: architecture student,3,4,3,4,3,3,5,5,4,5,4,5,6,7,8,9,3,11,1,10,4,2
R_1GUFXMqHGHfKPxE,Somewhat experienced: architecture student,3,4,3,3,3,3,5,5,4,5,4,3,7,11,8,2,4,6,10,9,1,5
R_3M0w9yqidDLhhFw,Somewhat experienced: architecture student,3,4,3,4,3,3,5,5,4,5,4,8,3,2,1,4,10,9,6,11,5,7
R_2tLy5SzGMCTGY0N,Somewhat experienced: architecture student,3,4,3,4,3,3,5,5,4,5,4,4,1,10,2,8,7,5,11,6,9,3
R_20SutZ6dXIwMiL7,No experience: no architectural or construction training,4,5,4,4,4,4,4,4,5,4,8,8,11,6,7,3,4,5,2,10,9,1
R_33d2dcJkuAad26s,No experience: no architectural or construction training,4,5,4,4,4,4,4,4,5,4,8,1,4,10,3,9,7,6,11,2,5,8
R_1CxuLIsnWDQOfY2,No experience: no architectural or construction training,4,5,4,4,4,4,4,4,5,4,8,2,9,5,10,11,3,1,8,7,6,4
R_2yf7K1A1XCP6GNt,No experience: no architectural or construction training,4,5,4,4,4,4,4,4,5,4,8,8,6,1,3,9,5,7,11,10,4,2
R_2SHr7kJ0A3e0gkf,No experience: no architectural or construction training,4,5,4,4,4,4,4,4,5,4,8,7,1,2,6,5,3,10,8,11,9,4
R_2xYt4YygwEMUbCf,No experience: no architectural or construction training,4,5,4,4,4,4,4,4,5,4,8,10,4,1,3,8,7,11,6,5,9,2
R_qUiiQwYCdn7T5q9,No experience: no architectural or construction training,4,5,4,4,4,4,4,4,5,4,8,8,3,9,4,5,1,2,6,10,11,7
R_3s1FbAIVarBqIxj,No experience: no architectural or construction training,4,5,4,4,4,4,4,4,5,4,8,1,8,2,11,10,7,9,4,6,5,3
R_2WHIKoaIJMMiplh,No experience: no architectural or construction training,4,5,4,4,4,4,4,4,5,4,8,10,5,8,7,6,3,9,4,2,1,11
R_2dVVG91r5nKeLqS,No experience: no architectural or construction training,4,5,4,4,4,4,4,4,5,4,8,7,6,11,9,2,4,3,1,5,8,10
R_1K9JMdTqMg29Xte,No experience: no architectural or construction training,4,5,4,4,4,4,4,4,5,4,8,5,6,1,2,4,9,8,7,11,10,3
R_2asK1KmOBLHaZ1w,No experience: no architectural or construction training,4,5,4,4,4,4,4,4,5,4,8,1,7,6,3,11,5,2,8,9,4,10
R_3CHpFld1Q96VpNH,No experience: no architectural or construction training,4,5,4,4,4,4,4,4,5,4,8,2,9,1,8,7,3,11,4,5,6,10
R_3noSbQl84wmsvMb,No experience: no architectural or construction training,4,5,4,4,4,4,4,4,5,4,8,4,7,10,11,3,8,2,9,6,1,5
R_sSem5oFtMgZ2QLf,No experience: no architectural or construction training,4,5,4,4,4,4,4,4,5,4,8,8,11,1,3,4,9,2,10,5,6,7
R_10uQaAgKAsrGUSd,Very Experienced: architecture professional,8,7,7,6,7,7,8,6,6,5,8,1,7,3,8,2,9,6,5,10,4,11
R_12F3IMNYr3aGvou,Very Experienced: architecture professional,8,6,6,7,7,6,8,7,7,8,8,3,4,8,11,5,1,2,10,9,6,7
R_2cuyDvlYEppbZtx,Very Experienced: architecture professional,8,6,7,7,8,7,7,7,7,7,8,11,5,4,8,7,9,1,10,6,2,3
R_2QPZOo42YFOloJp,Very Experienced: architecture professional,8,6,6,7,7,6,8,5,7,7,7,7,4,1,11,5,6,3,8,9,2,10
R_2dZqjKkSRpnHHkB,Very Experienced: architecture professional,8,6,6,7,6,6,7,7,7,8,9,8,7,2,10,6,9,4,11,1,5,3
R_smVJJGm73ry0pl7,Very Experienced: architecture professional,8,6,7,6,7,7,7,7,7,6,9,3,1,4,7,5,10,9,11,2,8,6
R_1Cpt2PGzEiit8XE,Very Experienced: architecture professional,7,6,7,6,6,7,7,7,7,7,8,6,8,3,9,7,10,2,1,5,11,4
R_2B2oKSMrvG1C8zA,Somewhat experienced: architecture student,8,6,7,6,7,8,6,6,8,7,9,8,7,6,11,1,4,2,10,5,9,3
R_3IWS3eQmoLtYi78,Very Experienced: architecture professional,9,6,6,7,7,7,6,7,8,9,8,4,6,2,8,11,1,3,9,5,7,10
R_2dJQHIMTdabaZAH,Very Experienced: architecture professional,7,6,7,7,6,6,6,6,7,8,7,3,4,11,10,6,9,7,8,1,5,2
R_1cRJvwT1wdZYdB8,Very Experienced: architecture professional,8,7,6,6,7,6,7,7,8,7,8,8,3,6,7,9,4,1,10,2,11,5
R_2bWvvEwqsRnmbyv,Very Experienced: architecture professional,8,7,7,7,7,7,7,7,8,7,8,5,1,10,4,2,6,3,7,9,11,8
R_295GdVTbmvlRc69,Very Experienced: architecture professional,8,7,8,7,8,7,6,7,8,7,8,1,10,4,8,5,7,6,2,9,3,11
R_4ILKKcxGORbW7Yt,Very Experienced: architecture professional,9,8,8,7,8,8,7,8,8,8,8,1,7,3,8,2,6,11,10,9,5,4
R_3G2tTg5H7dJHuH8,Very Experienced: architecture professional,8,8,8,7,8,7,6,8,8,8,7,5,8,11,2,7,10,4,6,1,9,3
R_3k0n5IU8sAmS2Yg,Very Experienced: architecture professional,8,8,8,8,8,7,7,7,7,7,8,2,6,5,9,7,3,11,4,1,8,10
R_1dofm6rtCGzsXXT,Very Experienced: architecture professional,8,7,8,6,8,8,6,7,8,7,8,4,2,10,8,1,11,3,5,6,9,7
R_27E9SgemmJvmaKX,Very Experienced: architecture professional,7,7,8,8,7,7,7,8,7,7,7,9,2,4,8,6,10,11,7,5,1,3
R_2uDJCygpL8yIYBb,Very Experienced: architecture professional,7,7,7,8,8,8,7,8,6,8,7,6,9,10,5,11,3,2,8,4,1,7
R_27kj3yN0QQ5rXzv,Very Experienced: architecture professional,8,7,8,7,7,7,7,8,7,7,9,10,2,3,9,7,4,5,1,6,11,8
R_2Ys44GcJwPZKTlI,Very Experienced: architecture professional,8,7,7,7,8,7,7,8,8,8,7,7,9,11,2,8,4,5,3,6,10,1
R_12ojQCmt70Gwm7V,Very Experienced: architecture professional,8,7,8,8,8,8,7,7,7,8,8,4,9,3,6,5,7,2,11,8,1,10
R_28BXz5Qde1X5px6,Very Experienced: architecture professional,8,8,8,6,8,8,8,8,6,7,7,2,9,7,8,5,10,1,3,6,4,11
R_1JWQ7TIASzLqycg,Very Experienced: architecture professional,7,7,8,7,8,8,8,8,8,8,8,10,4,7,1,6,5,3,2,9,8,11
R_1q3WoLkobC33ySZ,Very Experienced: architecture professional,8,7,8,8,8,8,8,8,8,8,7,11,2,8,5,4,1,7,3,6,9,10
R_XNSTFriud32SsnL,Very Experienced: architecture professional,8,8,9,7,8,8,7,8,8,7,8,8,3,1,5,6,4,2,11,7,10,9
R_3jcJh1rKbCxEdUz,Very Experienced: architecture professional,8,8,8,8,7,8,7,7,8,8,7,7,11,4,8,10,2,3,6,5,1,9
R_1gOuqcvqtLr9s4A,Very Experienced: architecture professional,8,7,8,6,7,8,6,8,7,8,7,7,8,4,3,11,2,9,1,10,6,5
R_3lFxh2ZCuGeO0XM,Very Experienced: architecture professional,6,9,10,9,5,9,4,10,9,9,8,11,2,4,8,3,7,9,10,5,1,6
R_PHUCVum33gs9Zsd,Very Experienced: architecture professional,9,10,10,6,7,10,7,9,8,9,10,10,5,11,9,3,4,1,7,6,2,8
R_vpoIOmZYLUSG8HD,Very Experienced: architecture professional,7,9,10,8,6,10,9,9,10,8,8,9,5,2,4,1,7,6,8,11,10,3
R_2uwi5DbdLDHTnIG,Somewhat experienced: architecture student,10,10,10,10,10,10,10,10,10,10,10,2,9,11,5,4,7,1,10,6,8,3
R_2TBqVuyy0bMiiPe,Very Experienced: architecture professional,10,10,7,9,10,6,5,3,2,1,10,7,1,5,9,3,11,6,10,8,4,2
R_22nK9mNvkOiGQCn,Somewhat experienced: architecture student,10,10,10,10,10,10,10,10,10,10,10,9,5,2,11,8,7,1,3,4,10,6
R_1JVGcuPgzXpDSdi,No experience: no architectural or construction training,5,7,5,5,5,4,6,5,7,5,4,6,2,3,10,11,1,9,5,8,4,7
R_3fNS9Fg2pmTmJrF,Somewhat experienced: architecture student,4,8,5,4,4,6,5,5,5,5,7,10,4,6,9,3,7,11,1,8,5,2
R_QiYEtU9xOkDjQOZ,Somewhat experienced: architecture student,6,5,6,5,6,6,7,6,5,6,5,8,3,10,4,5,6,9,11,2,1,7
R_w1MvAz6lhnmlOBH,Very Experienced: architecture professional,7,4,4,5,4,5,6,5,5,5,5,2,10,8,9,3,11,1,6,7,5,4
R_11dr3p1SWbHC07H,Somewhat experienced: architecture student,4,6,5,4,7,6,6,6,5,7,5,9,1,11,6,3,8,5,7,2,4,10
R_1jOeZDLNhxzZPBm,No experience: no architectural or construction training,9,8,8,7,6,9,8,7,9,8,8,6,10,9,8,1,2,3,5,11,4,7
R_2fqgoO3JBFJoAM1,Somewhat experienced: architecture student,5,8,4,7,5,8,2,9,8,7,7,6,4,3,2,1,10,7,8,9,5,11
R_2e3j0yxLZ9TEwzn,Somewhat experienced: architecture student,8,5,1,5,8,4,7,6,6,6,4,1,6,9,11,4,10,5,8,3,7,2
R_2xyLN63UoAU9qzt,Very Experienced: architecture professional,9,7,5,3,6,6,10,4,3,8,7,1,3,6,5,8,4,2,11,10,9,7
R_3MJqoH9En5mx4LV,Very Experienced: architecture professional,6,7,6,7,7,5,6,8,6,6,7,10,8,4,6,3,1,9,5,11,7,2
R_3QKoeNCFc1C6hM1,Somewhat experienced: architecture student,6,7,6,6,6,4,8,6,6,6,6,7,3,1,2,11,10,5,8,9,4,6
R_3KJ8YYQrlsBcR9X,Very Experienced: architecture professional,8,9,7,8,6,6,9,8,5,9,8,1,3,4,7,8,9,2,11,10,5,6
R_TdWFMWP9CRQijcZ,Somewhat experienced: architecture student,5,7,6,6,6,7,6,7,6,7,6,10,7,4,8,11,3,6,2,5,9,1
R_3MEBPHUKJhrV23L,Very Experienced: architecture professional,7,8,8,9,9,7,9,7,8,9,9,6,9,8,7,4,10,1,2,11,5,3
R_2rwR2raHqOwGOVk,Very Experienced: architecture professional,7,6,8,6,7,8,7,7,7,8,8,7,10,6,5,4,11,9,1,3,2,8
R_3nrpXqdBRX5x0AC,Very Experienced: architecture professional,7,6,7,7,8,7,7,8,7,6,7,8,6,5,9,4,11,10,2,1,3,7
R_CjZ8KoTkZdByIwN,Very Experienced: architecture professional,7,7,6,6,7,7,7,6,7,7,7,1,3,7,8,11,10,2,6,4,5,9
R_1LOt5dUMhHtf96p,Very Experienced: architecture professional,7,6,7,6,7,6,7,8,6,7,6,7,8,2,1,9,10,3,5,4,6,11
R_6KnetmKnYqbwDcd,Very Experienced: architecture professional,8,7,8,7,7,8,7,8,7,8,8,8,9,2,1,10,7,5,4,3,6,11
R_4Z0IONFcDs3Bpo5,Very Experienced: architecture professional,7,7,8,7,8,8,7,7,7,8,7,6,11,2,1,4,8,3,10,7,5,9
R_p9ne69ZmJFHbBD3,Very Experienced: architecture professional,7,6,7,7,6,7,8,8,7,8,7,1,11,4,6,8,10,5,3,9,2,7
R_1kRZ18zK8NXhU6O,Very Experienced: architecture professional,8,7,7,6,7,8,7,6,7,8,7,3,7,4,6,11,8,2,5,1,9,10
R_3O2IVbFPwBrJnpl,Very Experienced: architecture professional,7,8,7,6,7,7,7,7,7,7,7,4,11,2,1,8,10,7,5,3,6,9
R_2U4KvODYx4yhAVi,No experience: no architectural or construction training,4,4,4,5,5,5,5,5,5,5,5,6,2,10,9,1,3,4,5,8,7,11
R_wXAjqeGZ8DbtFeh,Somewhat experienced: architecture student,6,5,7,6,5,5,5,6,5,5,5,1,3,2,5,10,6,8,7,11,4,9
R_yRf5yCOxRvPnV17,No experience: no architectural or construction training,6,5,6,5,6,5,5,5,5,5,5,7,4,2,9,11,1,3,8,5,10,6
R_2fBfGhfyPSSFMGm,Somewhat experienced: architecture student,5,5,6,4,5,4,6,5,6,4,6,9,8,7,3,11,5,1,4,6,2,10
R_1pybAOJ71XhBXOl,Somewhat experienced: architecture student,5,4,5,5,5,5,5,5,6,5,5,2,8,11,9,4,5,10,7,3,6,1
R_pRhvSckJCvUnykV,Somewhat experienced: architecture student,5,5,6,5,6,5,5,6,6,6,6,9,2,6,1,3,8,10,11,7,5,4
R_1qW0ifW2U9GjIyl,Somewhat experienced: architecture student,5,5,5,5,5,5,5,5,5,6,5,11,6,10,3,7,9,2,4,1,5,8
R_1k0J2zJ3w9pnkOs,Somewhat experienced: architecture student,6,4,7,5,6,4,5,5,6,5,6,10,2,7,6,11,5,3,4,8,1,9
R_1ooT8InR5lV8Bj0,Somewhat experienced: architecture student,NA,NA,NA,NA,NA,NA,NA,NA,NA,NA,NA,,,,,,,,,,,
R_1BbehyU9qc9RNhT,Somewhat experienced: architecture student,6,5,6,6,7,5,6,5,6,6,7,2,7,5,10,3,6,8,4,9,1,11
R_1HoPR2EzIamNRzw,Somewhat experienced: architecture student,4,6,5,7,5,7,5,5,NA,6,6,6,10,9,7,1,8,5,4,3,2,11
R_274e3ENnduAYKHs,Somewhat experienced: architecture student,5,6,6,6,7,6,6,6,5,6,6,1,3,2,8,7,6,10,4,5,9,11
R_1hYBsUreqDMlam9,Very Experienced: architecture professional,6,5,5,6,6,7,5,6,6,6,7,3,5,2,10,11,7,8,4,1,9,6
R_xF1pzRrNfxNw1Cp,Somewhat experienced: architecture student,6,5,6,6,5,7,6,6,7,5,7,5,8,1,6,3,4,7,9,2,10,11
R_2Xj6c4SCkztQ9C3,Very Experienced: architecture professional,4,4,7,7,6,8,6,6,5,5,7,7,9,2,4,1,3,8,5,10,6,11
R_2ysijaPZo1bXHPe,Very Experienced: architecture professional,4,6,6,7,7,5,6,5,6,5,5,3,7,1,10,8,2,5,4,9,6,11
R_28B7ZwokNXcHzos,Very Experienced: architecture professional,3,6,6,7,7,7,7,6,7,6,7,7,10,3,6,1,8,4,2,5,9,11
R_3MmS0fT6N61AVlI,Somewhat experienced: architecture student,5,6,6,6,6,7,6,6,6,5,6,9,3,10,5,1,4,7,8,2,6,11
R_1erR753duMUP8nS,Somewhat experienced: architecture student,6,5,6,5,6,6,7,6,6,5,6,2,3,6,9,1,7,10,4,5,8,11
R_Z3T0L14Xa4HYIXT,Very Experienced: architecture professional,10,7,8,7,8,8,9,9,7,9,9,1,11,7,5,8,10,3,2,4,9,6
R_3EhzmYnMQ9Q7cga,Very Experienced: architecture professional,7,5,10,9,8,8,8,8,9,7,8,5,6,1,3,7,4,2,11,10,9,8
R_2BfKuAbrY9GYZOZ,Very Experienced: architecture professional,8,8,7,8,7,6,10,8,4,8,8,3,8,4,5,2,9,1,10,11,6,7
R_1NDOXNskl0UnGta,Very Experienced: architecture professional,10,4,3,1,2,1,10,7,5,6,10,3,8,11,7,6,9,2,4,5,10,1
R_2ast5pSlY3Ya0Ss,NA,NA,NA,NA,NA,NA,NA,NA,NA,NA,NA,NA,,,,,,,,,,,
R_2UVHXxmBq5halMv,NA,NA,NA,NA,NA,NA,NA,NA,NA,NA,NA,NA,,,,,,,,,,,
R_3fDe6YNNG7dHc7R,NA,NA,NA,NA,NA,NA,NA,NA,NA,NA,NA,NA,,,,,,,,,,,
R_SMKgPLaAmtgHpYd,Very Experienced: architecture professional,10,9,8,9,7,NA,NA,NA,NA,NA,NA,,,,,,,,,,,
R_1LnubPjLKgU4xYy,NA,NA,NA,NA,NA,NA,NA,NA,NA,NA,NA,NA,,,,,,,,,,,
R_PYuIw4FzkAH86oF,NA,NA,NA,NA,NA,NA,NA,NA,NA,NA,NA,NA,,,,,,,,,,,
R_27HWzBy3y5QTiar,Very Experienced: architecture professional,9,9,8,8,10,8,9,9,9,9,9,1,2,3,4,6,10,5,9,11,7,8
R_2q1QZAPczXMSvZE,Somewhat experienced: architecture student,5,5,1,10,10,10,10,10,7,10,7,5,11,7,2,3,1,10,6,8,9,4
R_YbrpHelbXCFrpst,NA,NA,NA,NA,NA,NA,NA,NA,NA,NA,NA,NA,,,,,,,,,,,
R_8v7s8a1V18nEHRf,Somewhat experienced: architecture student,8,1,8,10,9,10,10,1,1,10,10,,,,,,,,,,,
R_2D83G39KTXkf7Da,Somewhat experienced: architecture student,8,1,8,10,9,10,10,1,1,10,10,,,,,,,,,,,
R_2ROHSAUpdEpzx97,Very Experienced: architecture professional,8,1,8,10,9,10,10,1,1,10,10,,,,,,,,,,,
R_2PBwwLudw2Lzz42,Somewhat experienced: architecture student,4,4,5,2,4,4,3,3,2,4,7,11,2,3,6,4,8,1,10,7,9,5
R_2X5t55BF9kVbRva,Somewhat experienced: architecture student,5,5,7,3,2,2,1,4,4,5,5,8,6,5,1,4,11,10,3,7,2,9
R_1P5Esoop090G4SV,Very Experienced: architecture professional,8,NA,NA,NA,NA,NA,NA,NA,NA,NA,NA,,,,,,,,,,,
R_3IQzoX7OcfLmyPH,Somewhat experienced: architecture student,7,8,5,6,5,3,5,2,3,2,6,3,5,7,9,6,11,2,8,4,1,10
R_2dMTllOr10CWRWk,Somewhat experienced: architecture student,6,8,6,5,5,3,5,2,4,2,4,5,2,9,10,7,1,3,8,11,4,6
R_8qvon1FhyEBPaQ9,Very Experienced: architecture professional,7,7,5,6,4,4,5,3,3,3,6,5,6,9,4,10,3,2,11,7,1,8
R_cFNiFUca8uDPtNn,Somewhat experienced: architecture student,7,7,6,6,5,4,5,3,3,3,4,8,6,9,3,5,2,4,7,11,10,1
R_2rwsaUr15oInl7z,NA,NA,NA,NA,NA,NA,NA,NA,NA,NA,NA,NA,,,,,,,,,,,
R_6WmIUmQctR1tuKt,Very Experienced: architecture professional,7,6,7,7,8,8,7,8,8,7,7,6,11,9,8,7,3,10,1,5,2,4
R_1rGKdBMgjSRLftG,NA,NA,NA,NA,NA,NA,NA,NA,NA,NA,NA,NA,,,,,,,,,,,
R_2BktbFqoWoYpc5A,NA,NA,NA,NA,NA,NA,NA,NA,NA,NA,NA,NA,,,,,,,,,,,
R_31m7wmej3F95OIq,NA,NA,NA,NA,NA,NA,NA,NA,NA,NA,NA,NA,,,,,,,,,,,
R_2wbmMq0Ly7aOvLc,Somewhat experienced: architecture student,10,10,10,10,10,10,10,10,10,10,10,3,11,8,7,4,1,6,10,9,2,5
R_1U4uKKby9BSDd29,Very Experienced: architecture professional,10,10,10,10,NA,NA,NA,NA,NA,NA,NA,,,,,,,,,,,
R_1DOsoBtORys11JS,Somewhat experienced: architecture student,8,6,4,5,9,7,9,10,7,8,7,5,11,9,10,7,8,1,4,2,3,6
R_3eqOwVvR4qv6fCd,Somewhat experienced: architecture student,NA,NA,NA,NA,NA,NA,NA,NA,NA,NA,NA,,,,,,,,,,,
R_1gT305iks1nKd72,NA,NA,NA,NA,NA,NA,NA,NA,NA,NA,NA,NA,,,,,,,,,,,
R_UiMgdGrGHkXfIul,NA,NA,NA,NA,NA,NA,NA,NA,NA,NA,NA,NA,,,,,,,,,,,
R_111TIUKCzmGGqf2,NA,NA,NA,NA,NA,NA,NA,NA,NA,NA,NA,NA,,,,,,,,,,,
R_3FRSBC0nygNG9mc,NA,NA,NA,NA,NA,NA,NA,NA,NA,NA,NA,NA,,,,,,,,,,,
R_3kGrgVG46RM2rU4,NA,NA,NA,NA,NA,NA,NA,NA,NA,NA,NA,NA,,,,,,,,,,,
R_3DdWKXuMdXylfpC,Very Experienced: architecture professional,NA,NA,NA,NA,NA,NA,NA,NA,NA,NA,NA,,,,,,,,,,,
R_3QSQl3dRTTAZsb6,No experience: no architectural or construction training,4,5,4,5,6,4,4,5,4,4,4,8,5,10,4,3,9,11,7,6,1,2
R_C4CkUsW4msYuK41,NA,NA,NA,NA,NA,NA,NA,NA,NA,NA,NA,NA,,,,,,,,,,,
R_234sg0kC4lmhgSz,NA,NA,NA,NA,NA,NA,NA,NA,NA,NA,NA,NA,,,,,,,,,,,
R_qDsAQDNgkuOAeVX,Somewhat experienced: architecture student,8,8,10,10,10,10,9,10,10,10,10,9,11,1,10,3,8,2,7,5,4,6
R_VPBGaixSRFiJgml,NA,NA,NA,NA,NA,NA,NA,NA,NA,NA,NA,NA,,,,,,,,,,,
R_2rv9ewgTgcUfxsx,Somewhat experienced: architecture student,7,7,7,8,7,8,8,8,7,6,5,4,8,5,6,7,1,3,11,10,2,9
R_3jYTeOyMbCWduyC,NA,NA,NA,NA,NA,NA,NA,NA,NA,NA,NA,NA,,,,,,,,,,,
R_2EmlkPAjiHLRKli,NA,NA,NA,NA,NA,NA,NA,NA,NA,NA,NA,NA,,,,,,,,,,,
R_22suLFR1TUXhVAD,NA,NA,NA,NA,NA,NA,NA,NA,NA,NA,NA,NA,,,,,,,,,,,
R_1jdJH5yIBRDwIYc,NA,NA,NA,NA,NA,NA,NA,NA,NA,NA,NA,NA,,,,,,,,,,,
R_1kG4mlL4yRsGco4,NA,NA,NA,NA,NA,NA,NA,NA,NA,NA,NA,NA,,,,,,,,,,,
R_2v2sjf6Ig3VpxUi,NA,NA,NA,NA,NA,NA,NA,NA,NA,NA,NA,NA,,,,,,,,,,,
R_27wjJ4XVCJ0Tfdg,NA,NA,NA,NA,NA,NA,NA,NA,NA,NA,NA,NA,,,,,,,,,,,
R_yQJjUmfAagoGezv,No experience: no architectural or construction training,4,6,3,3,3,4,9,9,5,6,8,1,5,7,10,3,11,9,8,6,2,4
R_2qaVeervgas3Nlm,Somewhat experienced: architecture student,7,6,6,6,7,8,8,8,8,9,8,5,11,1,7,10,3,4,2,9,8,6
R_3dXj9iPtWZ45NrH,Very Experienced: architecture professional,8,4,8,8,10,8,NA,NA,NA,NA,NA,,,,,,,,,,,
R_3GqrblThbvNqoD3,NA,NA,NA,NA,NA,NA,NA,NA,NA,NA,NA,NA,,,,,,,,,,,
R_1DFIW0WxRWzGT7I,NA,NA,NA,NA,NA,NA,NA,NA,NA,NA,NA,NA,,,,,,,,,,,
R_3GB0Tj9B8esJA0E,NA,NA,NA,NA,NA,NA,NA,NA,NA,NA,NA,NA,,,,,,,,,,,
R_RW9b2ixaMbQXoBz,Very Experienced: architecture professional,10,7,10,9,8,9,9,10,8,9,9,1,8,2,5,11,9,6,4,3,10,7
R_d3Yfh8tZBxx4siB,NA,NA,NA,NA,NA,NA,NA,NA,NA,NA,NA,NA,,,,,,,,,,,
R_zSAlDnjJNKE9ynL,NA,NA,NA,NA,NA,NA,NA,NA,NA,NA,NA,NA,,,,,,,,,,,
R_3Rjzm2PNpA83S65,Very Experienced: architecture professional,6,8,3,9,7,3,9,8,5,5,8,2,7,6,3,5,11,1,4,10,8,9
R_3MM8aVRff2UDWia,NA,NA,NA,NA,NA,NA,NA,NA,NA,NA,NA,NA,,,,,,,,,,,
R_11anezWa6XoW7Qa,NA,NA,NA,NA,NA,NA,NA,NA,NA,NA,NA,NA,,,,,,,,,,,
R_1gBALuUgT9DpFXL,Very Experienced: architecture professional,NA,NA,NA,NA,NA,NA,NA,NA,NA,NA,NA,,,,,,,,,,,
R_1Nt8ZB3Ms4191Ly,NA,NA,NA,NA,NA,NA,NA,NA,NA,NA,NA,NA,,,,,,,,,,,
R_3sAqaMhvUH3pJ1R,NA,NA,NA,NA,NA,NA,NA,NA,NA,NA,NA,NA,,,,,,,,,,,
R_V3EZR21vISmKpLb,NA,NA,NA,NA,NA,NA,NA,NA,NA,NA,NA,NA,,,,,,,,,,,
R_ZqtcojkFdwnGFNv,NA,NA,NA,NA,NA,NA,NA,NA,NA,NA,NA,NA,,,,,,,,,,,
R_1i57ymWgpWJg3DH,Very Experienced: architecture professional,10,10,10,10,10,10,10,10,6,10,10,1,6,3,4,9,10,2,5,11,7,8
R_1Clj1DdqZIFkiap,Somewhat experienced: architecture student,8,10,7,10,5,10,8,3,10,10,5,3,1,10,6,7,5,4,9,11,2,8
R_Og6TU2C6T3OLd17,Somewhat experienced: architecture student,7,8,7,5,10,NA,NA,NA,NA,NA,NA,,,,,,,,,,,
R_2SCu26NI2nMTjGt,Very Experienced: architecture professional,8,9,5,4,6,8,NA,NA,NA,NA,NA,,,,,,,,,,,
R_3Di4nLFHqVCZFbq,Somewhat experienced: architecture student,8,7,8,8,6,NA,NA,NA,NA,NA,NA,,,,,,,,,,,
R_2SwOocplZPD3il4,NA,NA,NA,NA,NA,NA,NA,NA,NA,NA,NA,NA,,,,,,,,,,,
R_1jUEtqHIH6Lq4qq,NA,NA,NA,NA,NA,NA,NA,NA,NA,NA,NA,NA,,,,,,,,,,,
R_21aX13DLwWCsKKY,Very Experienced: architecture professional,6,7,9,10,8,8,9,6,6,8,6,2,4,1,3,7,11,5,9,10,8,6
R_2TAHrMwi7MgAfhg,NA,NA,NA,NA,NA,NA,NA,NA,NA,NA,NA,NA,,,,,,,,,,,
R_1mIyLESLp0jbxvW,NA,NA,NA,NA,NA,NA,NA,NA,NA,NA,NA,NA,,,,,,,,,,,
R_11cnlW3qgcDxm7w,Somewhat experienced: architecture student,10,4,4,9,8,8,9,9,6,NA,NA,,,,,,,,,,,
R_3nvfkdjRig2rQ2I,Somewhat experienced: architecture student,5,8,10,3,6,2,10,10,4,8,5,1,5,9,8,11,2,6,7,3,10,4
R_25EIl7Z5Xny9jyx,Somewhat experienced: architecture student,9,7,5,8,8,10,6,6,10,9,10,5,9,11,6,4,2,10,1,3,8,7
R_3HTF99tO2JyO6hO,Very Experienced: architecture professional,9,8,10,7,7,10,10,10,7,10,10,1,4,3,5,8,6,2,7,11,10,9
R_31iryTE1MOeiPnA,Somewhat experienced: architecture student,6,7,7,7,7,8,4,7,5,7,7,4,8,7,10,9,6,5,1,2,3,11
R_6Mw8LU0Xeq5sLYd,Very Experienced: architecture professional,10,6,10,5,9,9,10,10,7,10,10,1,11,3,10,6,7,2,4,9,5,8
R_1OSO46nvtqQUIGK,Somewhat experienced: architecture student,10,10,10,7,9,8,10,10,7,8,10,2,3,4,8,6,9,1,5,10,11,7
R_2ureONqMkWjIYcK,Very Experienced: architecture professional,7,9,5,8,4,9,8,10,10,6,6,7,3,6,4,10,5,8,2,1,11,9
R_20TXXVexROSkh1L,Somewhat experienced: architecture student,8,6,9,5,10,7,3,6,4,8,8,5,7,2,8,1,6,11,9,10,4,3
R_1LzFYp3ecSM2eS1,Somewhat experienced: architecture student,4,9,10,7,8,8,10,9,8,7,10,4,8,2,7,10,6,1,3,5,11,9
R_2z7NqWbTH31npLk,Somewhat experienced: architecture student,5,3,6,7,6,2,4,8,9,8,6,8,9,10,5,7,11,1,3,2,4,6
R_3nxsKBtibVW3b7J,No experience: no architectural or construction training,7,5,8,8,4,6,9,7,5,3,3,1,5,2,3,7,6,4,9,8,10,11
R_3M0atzlFdXFhrXC,Very Experienced: architecture professional,7,4,7,7,7,3,8,9,7,NA,NA,,,,,,,,,,,
R_3lrVbTqXGUPnmNX,Very Experienced: architecture professional,8,10,8,8,5,6,10,9,5,7,7,1,2,4,3,10,7,6,5,8,9,11
R_2VraWheMGBIDEo9,Very Experienced: architecture professional,7,8,7,5,5,6,8,7,6,6,8,2,6,9,7,4,10,1,8,11,5,3
R_1eQ7LqfMrTRgVq9,Somewhat experienced: architecture student,5,7,4,8,8,5,8,5,7,2,8,8,7,5,9,10,1,11,3,4,6,2
R_2DS2Wvvzzf1iAUq,Somewhat experienced: architecture student,9,8,8,8,9,7,10,8,9,8,8,6,11,4,2,9,10,1,3,5,8,7
R_2w1szGeoB482LgS,Very Experienced: architecture professional,9,7,6,NA,NA,NA,NA,NA,NA,NA,NA,,,,,,,,,,,
R_27KjTCmL8XDo4KT,No experience: no architectural or construction training,8,6,5,7,6,8,7,8,7,5,6,1,9,8,4,7,3,6,2,5,11,10
R_272qZwPo0DXVag2,NA,NA,NA,NA,NA,NA,NA,NA,NA,NA,NA,NA,,,,,,,,,,,
R_2aX3wVztFgnjxAt,NA,NA,NA,NA,NA,NA,NA,NA,NA,NA,NA,NA,,,,,,,,,,,
R_1Ff8NHnFejCI5Pc,NA,NA,NA,NA,NA,NA,NA,NA,NA,NA,NA,NA,,,,,,,,,,,
R_OBc4Ax0CaN9e0kF,Very Experienced: architecture professional,8,7,9,7,6,9,10,6,7,8,6,2,9,4,5,10,3,6,1,7,8,11
R_1OlDT7ZHyXNWxZy,NA,NA,NA,NA,NA,NA,NA,NA,NA,NA,NA,NA,,,,,,,,,,,
R_3D0EzAPidlFvdSm,NA,NA,NA,NA,NA,NA,NA,NA,NA,NA,NA,NA,,,,,,,,,,,
R_bIRCtCuclQ13cYh,Somewhat experienced: architecture student,10,10,10,10,10,NA,NA,NA,NA,NA,NA,,,,,,,,,,,
R_1PS3bAxk2Txtpxy,Somewhat experienced: architecture student,10,4,9,8,9,10,10,10,10,7,10,1,11,5,10,7,8,2,3,4,9,6
R_CgBHvyXT70iHcOJ,Somewhat experienced: architecture student,6,9,7,7,8,7,9,10,9,5,8,10,1,9,8,7,4,5,2,3,11,6
R_28SCBg7Oj0AOOsz,NA,NA,NA,NA,NA,NA,NA,NA,NA,NA,NA,NA,,,,,,,,,,,
R_3GqvtWRy51EncoO,NA,NA,NA,NA,NA,NA,NA,NA,NA,NA,NA,NA,,,,,,,,,,,
R_2Yi88nkvcKkeIYg,NA,NA,NA,NA,NA,NA,NA,NA,NA,NA,NA,NA,,,,,,,,,,,
R_2qFeslBfj1n0Bpi,NA,NA,NA,NA,NA,NA,NA,NA,NA,NA,NA,NA,,,,,,,,,,,
R_2OHERoawAy2JEsG,Very Experienced: architecture professional,10,8,5,7,8,7,8,7,3,7,7,,,,,,,,,,,
R_bNSjgTL0mquWHLz,Somewhat experienced: architecture student,8,6,5,9,7,4,8,5,6,7,7,,,,,,,,,,,
R_3isO9f9Eq0rxE68,Somewhat experienced: architecture student,NA,NA,NA,NA,NA,NA,NA,NA,NA,NA,NA,,,,,,,,,,,
R_1OGJPMLzzEK10qO,Somewhat experienced: architecture student,NA,NA,NA,NA,NA,NA,NA,NA,NA,NA,NA,,,,,,,,,,,
R_2wFZtXA8haurLtv,No experience: no architectural or construction training,NA,NA,NA,NA,NA,NA,NA,NA,NA,NA,NA,,,,,,,,,,,
R_scnHYwvdTEwWdwt,NA,NA,NA,NA,NA,NA,NA,NA,NA,NA,NA,NA,,,,,,,,,,,
R_1f8gf7vwhAsrf1G,No experience: no architectural or construction training,10,10,NA,NA,NA,NA,NA,NA,NA,NA,NA,,,,,,,,,,,
R_9SsaVKusNBDeGhr,Somewhat experienced: architecture student,NA,NA,NA,NA,NA,NA,NA,NA,NA,NA,NA,,,,,,,,,,,
R_3QQ1fcCEj5BbR7y,NA,NA,NA,NA,NA,NA,NA,NA,NA,NA,NA,NA,,,,,,,,,,,
R_RQSNClDjx3foZsR,No experience: no architectural or construction training,8,9,5,5,6,6,6,8,7,7,10,,,,,,,,,,,
R_OlNu2vVUhNCvT4B,NA,NA,NA,NA,NA,NA,NA,NA,NA,NA,NA,NA,,,,,,,,,,,
R_6YiVadSpxBrwlup,NA,NA,NA,NA,NA,NA,NA,NA,NA,NA,NA,NA,,,,,,,,,,,
R_SAWEZMQLO3lncxr,Somewhat experienced: architecture student,8,7,5,6,7,5,6,7,4,6,7,,,,,,,,,,,
R_2wyryLLA93ZTN0J,No experience: no architectural or construction training,NA,NA,NA,NA,NA,NA,NA,NA,NA,NA,NA,,,,,,,,,,,
R_31yC0h72lDnVLYp,Very Experienced: architecture professional,NA,NA,NA,NA,NA,NA,NA,NA,NA,NA,NA,,,,,,,,,,,
